<?xml version="1.0" encoding="utf-8" ?>

<Defs>
  
  <WorkGiverDef>
    <defName>DoBillsCraftBlueprint</defName>
    <label>craft blueprint</label>
    <giverClass>WorkGiver_DoBill</giverClass>
    <workType>Research</workType>
    <priorityInType>100</priorityInType>
	  <fixedBillGiverDefs>
      <li>BlueprintBench</li>
    </fixedBillGiverDefs>
    <verb>craft blueprints at</verb>
    <gerund>crafting blueprints at</gerund>
    <requiredCapacities>
      <li>Manipulation</li>
    </requiredCapacities>
    <prioritizeSustains>true</prioritizeSustains>
  </WorkGiverDef>
  
</Defs>