<?xml version="1.0" encoding="utf-8" ?>
<Defs>


	<ResearchProjectDef>
		<defName>NeolithicBlueprint</defName>
		<label>Neolithic Blueprint</label>
		<description>Craft a neolithic technology blueprint. To be able to craft a neolithic blueprint you need to have a good understanding of the technology in the neolithic tech era.</description>
		<baseCost>500</baseCost>
		<tab>Blueprints</tab>
		<techLevel>Neolithic</techLevel>
		<prerequisites>
        <!-- Autofilled from code-->
		</prerequisites>
		<researchViewX>0</researchViewX>
		<researchViewY>0</researchViewY>
	</ResearchProjectDef>
	
	<ResearchProjectDef>
		<defName>MedievalBlueprint</defName>
		<label>Medieval Blueprint</label>
		<description>Craft a medieval technology blueprint. To be able to craft a medieval blueprint you need to have a good understanding of the technology in the medieval and previous tech era.</description>
		<baseCost>2000</baseCost>
		<tab>Blueprints</tab>
		<techLevel>Medieval</techLevel>
		<prerequisites>
			<li>NeolithicBlueprint</li>
      <!-- Autofilled from code-->
		</prerequisites>
		<researchViewX>1</researchViewX>
		<researchViewY>0</researchViewY>
	</ResearchProjectDef>

	<ResearchProjectDef>
		<defName>IndustrialBlueprint</defName>
		<label>Industrial Blueprint</label>
		<description>Craft a industrial technology blueprint. To be able to craft a industrial blueprint you need to have a good understanding of the technology in the industrial and previous tech era.</description>
		<baseCost>4000</baseCost>
		<tab>Blueprints</tab>
		<techLevel>Industrial</techLevel>
		<prerequisites>
			<li>NeolithicBlueprint</li>
			<li>MedievalBlueprint</li>
      <!-- Autofilled from code-->
		</prerequisites>
		<requiredResearchBuilding>HiTechResearchBench</requiredResearchBuilding>
		<researchViewX>2</researchViewX>
		<researchViewY>0</researchViewY>
	</ResearchProjectDef>
	
	<ResearchProjectDef>
		<defName>SpacerBlueprint</defName>
		<label>Spacer Blueprint</label>
		<description>Craft a spacer technology blueprint. To be able to craft a spacer blueprint you need to have a good understanding of all known technology.</description>
		<baseCost>8000</baseCost>
		<tab>Blueprints</tab>
		<techLevel>Spacer</techLevel>
		<prerequisites>
			<li>NeolithicBlueprint</li>
			<li>MedievalBlueprint</li>
			<li>IndustrialBlueprint</li>
      <!-- Autofilled from code-->
		</prerequisites>
		<requiredResearchBuilding>HiTechResearchBench</requiredResearchBuilding>
		<researchViewX>3</researchViewX>
		<researchViewY>0</researchViewY>
	</ResearchProjectDef>
	
</Defs>