﻿<?xml version="1.0" encoding="utf-8"?>
<ModMetaData>
  <name>Technology Blueprints</name>
  <author>Smuffle, LOLKAT_KOMRAD_94</author>
  <targetVersion>0.19.0</targetVersion>
  <url>https://ludeon.com/forums/index.php?topic=37649.0</url>
  <description>**NOTE: Load this mod after any mod that adds, removes or changes Research Projects.**
  
This mod adds Technology Blueprints to the game. Discover the secrets of any research by using them!
These are rare items that can be dropped by enemies or bought at traders. Using one will consume it and unlock a random, researchable technology if the blueprint is under or equivalent to your era; otherwise, it will give you some progress towards the technology.
 
There are four types of blueprints:
    - Neolithic blueprints
    - Medieval blueprints
    - Industrial blueprints
    - Spacer blueprints
    
When you have mastered a technological era, you'll be able to research the capacity to craft your own technology blueprints at a Blueprint Bench and sell them to traders for profit!
  </description>
</ModMetaData>