<?xml version="1.0" encoding="utf-8" ?>
<Defs>

  <RecipeDef>
    <defName>CraftBlueprintNeolithic</defName>
    <label>craft neolithic blueprint</label>
    <description>Craft a blueprint.</description>
    <jobString>Crafting blueprint.</jobString>
    <workSpeedStat>ResearchSpeed</workSpeedStat>
    <effectWorking>MakingBlueprint</effectWorking>
    <soundWorking>Recipe_Tailor</soundWorking>
    <workAmount>10000</workAmount>
    <unfinishedThingDef>UnfinishedApparel</unfinishedThingDef>
    <ingredients>
      <li>
        <filter>
          <thingDefs>
            <li>Cloth</li>
          </thingDefs>
        </filter>
        <count>25</count>
      </li>
    </ingredients>
    <fixedIngredientFilter>
      <thingDefs>
        <li>Cloth</li>
      </thingDefs>
    </fixedIngredientFilter>
    <products>
      <TechnologyBlueprintNeolithic>1</TechnologyBlueprintNeolithic>
    </products>
		<skillRequirements>
			<Intellectual>8</Intellectual>
		</skillRequirements>
    <workSkill>Intellectual</workSkill>
	<recipeUsers>
		<li>BlueprintBench</li>
	</recipeUsers>
	<researchPrerequisite>NeolithicBlueprint</researchPrerequisite>
  </RecipeDef>
  
  <RecipeDef>
    <defName>CraftBlueprintMedieval</defName>
    <label>craft medieval blueprint</label>
    <description>Craft a blueprint.</description>
    <jobString>Crafting blueprint.</jobString>
    <workSpeedStat>ResearchSpeed</workSpeedStat>
    <effectWorking>MakingBlueprint</effectWorking>
    <soundWorking>Recipe_Tailor</soundWorking>
    <workAmount>20000</workAmount>
    <unfinishedThingDef>UnfinishedApparel</unfinishedThingDef>
    <ingredients>
      <li>
        <filter>
          <thingDefs>
            <li>Cloth</li>
          </thingDefs>
        </filter>
        <count>25</count>
      </li>
    </ingredients>
    <fixedIngredientFilter>
      <thingDefs>
        <li>Cloth</li>
      </thingDefs>
    </fixedIngredientFilter>
    <products>
      <TechnologyBlueprintMedieval>1</TechnologyBlueprintMedieval>
    </products>
		<skillRequirements>
			<Intellectual>10</Intellectual>
		</skillRequirements>
    <workSkill>Intellectual</workSkill>
	<recipeUsers>
		<li>BlueprintBench</li>
	</recipeUsers>
	<researchPrerequisite>MedievalBlueprint</researchPrerequisite>
  </RecipeDef>
  
  <RecipeDef>
    <defName>CraftBlueprintIndustrial</defName>
    <label>craft industrial blueprint</label>
    <description>Craft a blueprint.</description>
    <jobString>Crafting blueprint.</jobString>
    <workSpeedStat>ResearchSpeed</workSpeedStat>
    <effectWorking>MakingBlueprint</effectWorking>
    <soundWorking>Recipe_Tailor</soundWorking>
    <workAmount>40000</workAmount>
    <unfinishedThingDef>UnfinishedApparel</unfinishedThingDef>
    <ingredients>
      <li>
        <filter>
          <thingDefs>
            <li>Cloth</li>
          </thingDefs>
        </filter>
        <count>25</count>
      </li>
	  <li>
        <filter>
          <thingDefs>
            <li>ComponentIndustrial</li>
          </thingDefs>
        </filter>
        <count>1</count>
      </li>
    </ingredients>
    <fixedIngredientFilter>
      <thingDefs>
        <li>Cloth</li>
		<li>ComponentIndustrial</li>
      </thingDefs>
    </fixedIngredientFilter>
    <products>
      <TechnologyBlueprintIndustrial>1</TechnologyBlueprintIndustrial>
    </products>
		<skillRequirements>
			<Intellectual>12</Intellectual>
		</skillRequirements>
    <workSkill>Intellectual</workSkill>
    <recipeUsers>
      <li>BlueprintBench</li>
    </recipeUsers>
	<researchPrerequisite>IndustrialBlueprint</researchPrerequisite>
  </RecipeDef>
  
  <RecipeDef>
    <defName>CraftBlueprintSpacer</defName>
    <label>craft spacer blueprint</label>
    <description>Craft a blueprint.</description>
    <jobString>Crafting blueprint.</jobString>
    <workSpeedStat>ResearchSpeed</workSpeedStat>
    <effectWorking>MakingBlueprint</effectWorking>
    <soundWorking>Recipe_Tailor</soundWorking>
    <workAmount>80000</workAmount>
    <unfinishedThingDef>UnfinishedApparel</unfinishedThingDef>
    <ingredients>
      <li>
        <filter>
          <thingDefs>
            <li>Cloth</li>
          </thingDefs>
        </filter>
        <count>25</count>
      </li>
	    <li>
        <filter>
          <thingDefs>
            <li>ComponentSpacer</li>
          </thingDefs>
        </filter>
        <count>1</count>
      </li>
    </ingredients>
    <fixedIngredientFilter>
      <thingDefs>
        <li>Cloth</li>
		    <li>ComponentSpacer</li>
      </thingDefs>
    </fixedIngredientFilter>
    <products>
      <TechnologyBlueprintSpacer>1</TechnologyBlueprintSpacer>
    </products>
		<skillRequirements>
			<Intellectual>15</Intellectual>
		</skillRequirements>
    <workSkill>Intellectual</workSkill>
    <recipeUsers>
      <li>BlueprintBench</li>
    </recipeUsers>
	<researchPrerequisite>SpacerBlueprint</researchPrerequisite>
  </RecipeDef>
	
</Defs>