﻿<?xml version="1.0" encoding="utf-8" ?>
<Defs>
  <ThingDef ParentName="BenchBase">
    <defName>BlueprintBench</defName>
    <label>blueprint bench</label>
    <description>A place for crafting technology blueprints.</description>
    <thingClass>Building_WorkTable</thingClass>
    <size>(3,2)</size>
    <stuffCategories>
      <li>Metallic</li>
      <li>Woody</li>
      <li>Stony</li>
    </stuffCategories>
    <costStuffCount>75</costStuffCount>
    <graphicData>
      <texPath>Things/Building/Production/BlueprintBench</texPath>
      <graphicClass>Graphic_Multi</graphicClass>
      <shaderType>CutoutComplex</shaderType>
      <drawSize>(5,4)</drawSize>
      <damageData>
        <cornerTL>Damage/Corner</cornerTL>
        <cornerTR>Damage/Corner</cornerTR>
        <cornerBL>Damage/Corner</cornerBL>
        <cornerBR>Damage/Corner</cornerBR>
      </damageData>
    </graphicData>
    <altitudeLayer>Building</altitudeLayer>
    <fillPercent>0.5</fillPercent>
    <passability>PassThroughOnly</passability>
    <useHitPoints>True</useHitPoints>
    <pathCost>70</pathCost>
    <statBases>
      <MaxHitPoints>250</MaxHitPoints>
      <WorkToBuild>2800</WorkToBuild>
      <Flammability>1.0</Flammability>
    </statBases>
    <designationCategory>Production</designationCategory>
    <hasInteractionCell>True</hasInteractionCell>
    <interactionCellOffset>(0,0,-1)</interactionCellOffset>
    <surfaceType>Item</surfaceType>
    <inspectorTabs>
      <li>ITab_Bills</li>
    </inspectorTabs>
    <building>
      <spawnedConceptLearnOpportunity>BillsTab</spawnedConceptLearnOpportunity>
    </building>
    <researchPrerequisites>
      <li>NeolithicBlueprint</li>
    </researchPrerequisites>
  </ThingDef>
</Defs>
