<?xml version="1.0" encoding="utf-8" ?>

<Defs>
  <EffecterDef>
    <defName>MakingBlueprint</defName>
    <children>
      <li>
        <subEffecterClass>SubEffecter_SprayerContinuous</subEffecterClass>
        <scale>
          <min>0.3</min>
          <max>0.7</max>
        </scale>
        <ticksBetweenMotes>20</ticksBetweenMotes>
        <positionLerpFactor>0.6</positionLerpFactor>
        <positionRadius>0.6</positionRadius>
        <moteDef>Mote_StoneBit</moteDef>
      </li>
      <li>
        <subEffecterClass>SubEffecter_SprayerContinuous</subEffecterClass>
        <burstCount>
          <min>2</min>
          <max>4</max>
        </burstCount>
        <positionRadius>0.5</positionRadius>
        <scale>
          <min>1</min>
          <max>1</max>
        </scale>
        <ticksBetweenMotes>500</ticksBetweenMotes>
        <positionLerpFactor>1</positionLerpFactor>
        <moteDef>Mote_AirPuff</moteDef>
      </li>
    </children>
  </EffecterDef>
</Defs>