<?xml version="1.0" encoding="utf-8" ?>
<Defs>


	<ResearchProjectDef>
		<defName>NeolithicBlueprint</defName>
		<label>Neolithic Blueprint</label>
		<description>Craft a neolithic technology blueprint. To be able to craft a neolithic blueprint you need to have a good understanding of the technology in the neolithic tech era.</description>
		<baseCost>500</baseCost>
		<tab>Blueprints</tab>
		<techLevel>Neolithic</techLevel>
		<prerequisites>
			<li>RecurveBow</li>
			<li>Pemmican</li>
			<li>PassiveCooler</li>
			<li>Devilstrand</li>
			<li>PsychoidBrewing</li>
			<li>Brewing</li>
			<li>Bedrolls</li>
		</prerequisites>
		<researchViewX>0</researchViewX>
		<researchViewY>0</researchViewY>
	</ResearchProjectDef>
	
	<ResearchProjectDef>
		<defName>MedievalBlueprint</defName>
		<label>Medieval Blueprint</label>
		<description>Craft a medieval technology blueprint. To be able to craft a medieval blueprint you need to have a good understanding of the technology in the medieval and previous tech era.</description>
		<baseCost>2000</baseCost>
		<tab>Blueprints</tab>
		<techLevel>Medieval</techLevel>
		<prerequisites>
			<li>NeolithicBlueprint</li>
			<li>Beds</li>
			<li>CarpetMaking</li>
			<li>Smithing</li>
			<li>Stonecutting</li>
			<li>ComplexClothing</li>
			<li>LongBlades</li>
			<li>Greatbows</li>
		</prerequisites>
		<researchViewX>1</researchViewX>
		<researchViewY>0</researchViewY>
	</ResearchProjectDef>

	<ResearchProjectDef>
		<defName>IndustrialBlueprint</defName>
		<label>Industrial Blueprint</label>
		<description>Craft a industrial technology blueprint. To be able to craft a industrial blueprint you need to have a good understanding of the technology in the industrial and previous tech era.</description>
		<baseCost>4000</baseCost>
		<tab>Blueprints</tab>
		<techLevel>Industrial</techLevel>
		<prerequisites>
			<li>NeolithicBlueprint</li>
			<li>MedievalBlueprint</li>
			<li>DrugProduction</li>
			<li>Electricity</li>
			<li>PsychiteRefining</li>
			<li>WakeUpProduction</li>
			<li>GoJuiceProduction</li>
			<li>PenoxycylineProduction</li>
			<li>Batteries</li>
			<li>Refining</li>
			<li>NutrientPaste</li>
			<li>SolarPanels</li>
			<li>AirConditioning</li>
			<li>Autodoors</li>
			<li>Hydroponics</li>
			<li>ElectricSmelting</li>
			<li>PackagedSurvivalMeal</li>
			<li>ElectricCremation</li>
			<li>ColoredLights</li>
			<li>Machining</li>
			<li>IEDs</li>
			<li>IEDIncendiary</li>
			<li>Mortars</li>
			<li>Gunsmithing</li>
			<li>BlowbackOperation</li>
			<li>GasOperation</li>
			<li>PrecisionRifling</li>
			<li>SmokepopBelt</li>
			<li>MicroelectronicsBasics</li>
			<li>TubeTelevision</li>
			<li>GunTurrets</li>
			<li>Firefoam</li>
			<li>MoisturePump</li>
			<li>GeothermalPower</li>
			<li>TransportPod</li>
			<li>MedicineProduction</li>
			<li>MultiAnalyzer</li>
			<li>LongRangeMineralScanner</li>
			<li>GroundPenetratingScanner</li>
			<li>DeepDrilling</li>
			<li>VitalsMonitor</li>
			<li>ComponentAssembly</li>
			<li>MultibarrelWeapons</li>
		</prerequisites>
		<requiredResearchBuilding>HiTechResearchBench</requiredResearchBuilding>
		<researchViewX>2</researchViewX>
		<researchViewY>0</researchViewY>
	</ResearchProjectDef>
	
	<ResearchProjectDef>
		<defName>SpacerBlueprint</defName>
		<label>Spacer Blueprint</label>
		<description>Craft a spacer technology blueprint. To be able to craft a spacer blueprint you need to have a good understanding of all known technology.</description>
		<baseCost>8000</baseCost>
		<tab>Blueprints</tab>
		<techLevel>Spacer</techLevel>
		<prerequisites>
			<li>NeolithicBlueprint</li>
			<li>MedievalBlueprint</li>
			<li>IndustrialBlueprint</li>
			<li>Cryptosleep</li>
			<li>PoweredArmor</li>
			<li>ShieldBelt</li>
			<li>ChargedShot</li>
			<li>ShipBasics</li>
			<li>ShipCryptosleep</li>
			<li>ShipReactor</li>
			<li>ShipEngine</li>
			<li>ShipComputerCore</li>
			<li>ShipSensorCluster</li>
		</prerequisites>
		<requiredResearchBuilding>HiTechResearchBench</requiredResearchBuilding>
		<researchViewX>3</researchViewX>
		<researchViewY>0</researchViewY>
	</ResearchProjectDef>
	
</Defs>